Workbook

Sheet Raw Data
A1: Sr no. | B1: Category | C1: Device/Model | D1: Price (PKR) | E1: Condition | F1: Storage/Variant | G1: Battery health | H1: Year of release | I1: Buy back value | J1: Condition Rating
A2: 1 | B2: Mobile | C2: iPhone 14 Pro Max | D2: 310000 | E2: New | F2: 256GB | G2: 100 | H2: 2022 | I2: 65 | J2: 10
A3: 2 | B3: Mobile | C3: Samsung S23 Ultra | D3: 280000 | E3: New | F3: 256GB | G3: 94 | H3: 2023 | I3: 55 | J3: 8
A4: 3 | B4: Mobile | C4: Xiaomi Redmi Note 12 | D4: 55000 | E4: Used | F4: 128GB | G4: 86 | H4: 2023 | I4: 45 | J4: 6
A5: 4 | B5: iPad | C5: iPad Pro 12.9 M2 | D5: 290000 | E5: New | F5: 512GB | G5: 100 | H5: 2022 | I5: 65 | J5: 10
A6: 5 | B6: iPad | C6: iPad 9th Gen | D6: 95000 | E6: Used | F6: 64GB | G6: 85 | H6: 2021 | I6: 55 | J6: 8
A7: 6 | B7: Watch | C7: Apple Watch Series 8 | D7: 95000 | E7: New | F7: 45mm | G7: 92 | H7: 2022 | I7: 55 | J7: 8
A8: 7 | B8: Watch | C8: Samsung Galaxy Watch 5 | D8: 54000 | E8: Used | F8: 44mm | G8: 93 | H8: 2022 | I8: 45 | J8: 6
A9: 8 | B9: Console | C9: PlayStation 5 Standard | D9: 205000 | E9: New | F9: 825GB | G9: 100 | H9: 2020 | I9: 60 | J9: 10
A10: 9 | B10: Console | C10: Nintendo Switch OLED | D10: 130000 | E10: New | F10: 64GB | G10: 91 | H10: 2021 | I10: 55 | J10: 8
A11: 10 | B11: Laptop | C11: MacBook Pro M1 | D11: 330000 | E11: New | F11: 512GB | G11: 84 | H11: 2020 | I11: 55 | J11: 8
A12: 11 | B12: Laptop | C12: HP Pavilion Gaming | D12: 185000 | E12: Used | F12: 512GB | G12: 100 | H12: 2022 | I12: 55 | J12: 9
A13: 12 | B13: Mobile | C13: iPhone 13 | D13: 185000 | E13: New | F13: 128 GB | G13: 95 | H13: 2021 | I13: 65 | J13: 10
... A24: 23 | B24: Console | C24: Xbox Series X | D24: 175000 | E24: New | F24: 1 TB | G24: 95 | H24: 2020 | I24: 55 | J24: 8

Sheet Calculations
A1: Calculations
A3: 1. | B3: Calculation of Averages | H3: 2. | I3: Calculation of Maximum & Minimum | O3: 3. | P3: Counting calculations
B5: Average price | D5: ="PKR " & ROUND(AVERAGE('Raw Data'!D2:D24),2) -> PKR 157695.65 | I5: Maximum price | K5: ="PKR "& ROUND(MAX('Raw Data'!D2:D24), 2) -> PKR 330000 | P5: No. of Mobiles | R5: =COUNTIF('Raw Data'!B2:B24, "Mobile") -> 9
B7: Average storage in Mobiles | D7: {=ROUND(AVERAGE(IF(RIGHT('Raw Data'!F2:F24,2)="GB", VALUE(LEFT('Raw Data'!F2:F24,LEN('Raw Data'!F2:F24)-2)))),2) & " GB"} -> 248.06 GB | I7: Minimum price | K7: ="PKR " & ROUND(MIN('Raw Data'!D2:D24), 2) -> PKR 52000 | P7: No. of iPads | R7: =COUNTIF('Raw Data'!B2:B24, "iPad") -> 4
I9: Maximum buyback | K9: =ROUND(MAX('Raw Data'!I2:I24), 2) -> 65 | P9: No. of Watches | R9: =COUNTIF('Raw Data'!B2:B24, "Watch") -> 4
B10: Average storage in ipads | D10: {=ROUND(AVERAGE(IF(RIGHT('Raw Data'!F2:F24,2)="TB", VALUE(LEFT('Raw Data'!F2:F24,LEN('Raw Data'!F2:F24)-2)))),2) & " TB"} -> 1.5 TB
I11: Maximum buyback | K11: =ROUND(MIN('Raw Data'!I2:I24), 2) -> 45 | P11: No. of Laptops | R11: =COUNTIF('Raw Data'!B2:B24, "Laptop") -> 2
B13: Average storage in Apple Watches | D13: {=ROUND(AVERAGE(IF(RIGHT('Raw Data'!F2:F24,2)="mm", VALUE(LEFT('Raw Data'!F2:F24,LEN('Raw Data'!F2:F24)-2)))),2) & " mm"} -> 44.5 mm | I13: Maximum Rating | K13: =ROUND(MAX('Raw Data'!J2:J24), 2)& "/10" -> 10/10 | P13: No. of Consoles | R13: =COUNTIF('Raw Data'!B2:B24, "Console") -> 4
I15: Minimum Rating | K15: =ROUND(MIN('Raw Data'!J2:J24), 2) & "/10" -> 6/10 | P15: Total products | R15: =COUNTA('Raw Data'!B2:B24) -> 23
B16: Average Battery health | D16: =ROUND(AVERAGE('Raw Data'!I2:'Raw Data'!I24),2) & " %" -> 55.43 %
I17: Maximum health | K17: =ROUND(MAX('Raw Data'!G2:G24), 2)& "%" -> 100% | P17: Count of New | R17: =COUNTIF('Raw Data'!E2:E24, "New") -> 16
I19: Minimum health | K19: =ROUND(MIN('Raw Data'!G2:G24), 2) &"%" -> 84% | P19: Count of Used | R19: =COUNTIF('Raw Data'!E2:E24, "Used") -> 7
A22: 4. | B22: Calculation using Summation | H22: 5. | I22: Calculation using IF statment | O22: 6. | P22: Calculation of Median
B24: Total Price | D24: =SUM('Raw Data'!D2:D24)& " PKR" -> 3627000 PKR | I24: New & used device ratio | K24: =IF(MAX('Raw Data'!H2:H23)<=2021,"All Used", IF(MIN('Raw Data'!H2:H23)>=2022,"All New","Mixed Used and New")) -> Mixed Used and New | P24: Middle value of condition rating | R24: =MEDIAN('Raw Data'!J2:J23) -> 8

Sheet Summary Dashboard
A1: Charts
A3: 1) | B3: Chart 1 | L3: 2) | M3: Chart 2:
B5: Product Distribution frequency Chart | M5: New & Used devices frequency Chart
A27: 3) | B27: Chart 3 | L27: 4) | M27: Chart 4
B29: Year-wise frequency Chart | M29: Battery health frequency Chart
